<?xml version="1.0" encoding="UTF-8" ?>
<!DOCTYPE tiles-definitions PUBLIC  "-//Apache Software Foundation//DTD Tiles Configuration 3.0//EN"  "http://tiles.apache.org/dtds/tiles-config_3_0.dtd">  
 
<tiles-definitions>  
  
   <!-- Template Definition -->
   <definition name="template-def"
       template="/WEB-INF/views/tiles/layouts/layout.jsp">  
       <put-attribute name="title" value="" />  
       <put-attribute name="body" value="" />  
   </definition>  
  
   <!-- Main Page -->
   <definition name="home" extends="template-def">  
       <put-attribute name="title" value="Welcome" />  
       <put-attribute name="body" value="/WEB-INF/views/pages/home.jsp" />  
   </definition>  
 
   <!-- User Page -->
   <definition name="user" extends="template-def">  
       <put-attribute name="title" value="User" />  
       <put-attribute name="body" value="/WEB-INF/views/pages/user.jsp" />  
   </definition>  
       
   <!-- Admin Page -->
   <definition name="admin" extends="template-def">  
       <put-attribute name="title" value="Admin" />  
       <put-attribute name="body" value="/WEB-INF/views/pages/uploadForm.jsp" />  
   </definition>  
  
   <!-- fileNotFound Page -->
   <definition name="fileNotFound" extends="template-def">  
       <put-attribute name="title" value="Upload Error" />  
       <put-attribute name="body" value="/WEB-INF/views/pages/fileNotFound.jsp" />  
   </definition>  
   
    <!-- upload File -->
   <definition name="uploadForm" extends="template-def">  
       <put-attribute name="title" value="Upload Success" />  
       <put-attribute name="body" value="/WEB-INF/views/pages/uploadForm.jsp" />  
   </definition> 
   
    <!-- upload File -->
   <definition name="uploadResult" extends="template-def">  
       <put-attribute name="title" value="Upload Success" />  
       <put-attribute name="body" value="/WEB-INF/views/pages/uploadResult.jsp" />  
   </definition> 
   
   <!-- BLockForm File -->
   <definition name="blockForm" extends="template-def">  
       <put-attribute name="title" value="Block Form" />  
       <put-attribute name="body" value="/WEB-INF/views/pages/blockForm.jsp" />  
   </definition> 
   
   <!-- Retreat Form -->
   <definition name="addRetreatForm" extends="template-def">  
       <put-attribute name="title" value="Retreat Form" />  
       <put-attribute name="body" value="/WEB-INF/views/pages/addRetreatForm.jsp" />  
   </definition>
   
      <!-- Update Retreat Form -->
   <definition name="updateRetreat" extends="template-def">  
       <put-attribute name="title" value="Update Retreat Form" />  
       <put-attribute name="body" value="/WEB-INF/views/pages/updateRetreat.jsp" />  
   </definition> 
   
    <!-- Check Form -->
   <definition name="addCheckForm" extends="template-def">  
       <put-attribute name="title" value="Check Form" />  
       <put-attribute name="body" value="/WEB-INF/views/pages/addCheckForm.jsp" />  
   </definition>
   
   <!-- Update Retreat Form -->
   <definition name="updateCheck" extends="template-def">  
       <put-attribute name="title" value="Update Check Form" />  
       <put-attribute name="body" value="/WEB-INF/views/pages/updateCheck.jsp" />  
   </definition>
   
    <!-- Student TM Attendance Report Form -->
   <definition name="studentReport" extends="template-def">  
       <put-attribute name="title" value="TM Attendance Report" />  
       <put-attribute name="body" value="/WEB-INF/views/pages/studentReport.jsp" />  
   </definition> 
   
   
   <!-- BLockForm File -->
   <definition name="block" extends="template-def">  
       <put-attribute name="title" value="Block Report" />  
       <put-attribute name="body" value="/WEB-INF/views/pages/block.jsp" />  
   </definition> 
   
   <!-- BLockForm File -->
   <definition name="entryForm" extends="template-def">  
       <put-attribute name="title" value="Block Report" />  
       <put-attribute name="body" value="/WEB-INF/views/pages/entryForm.jsp" />  
   </definition> 
   
   
   <!-- BLockForm File -->
   <definition name="entry" extends="template-def">  
       <put-attribute name="title" value="Block Report" />  
       <put-attribute name="body" value="/WEB-INF/views/pages/entry.jsp" />  
   </definition> 
   
   <!-- Retreat Report -->
   <definition name="retreatReport" extends="template-def">  
       <put-attribute name="title" value="Block Report" />  
       <put-attribute name="body" value="/WEB-INF/views/pages/retreatReport.jsp" />  
   </definition> 
   
   <!-- TM Checking Report -->
   <definition name="tmCheckingReport" extends="template-def">  
       <put-attribute name="title" value="Block Report" />  
       <put-attribute name="body" value="/WEB-INF/views/pages/tmCheckingReport.jsp" />  
   </definition> 
   
    
</tiles-definitions>